{
  "Urea": 5.1247430000000005,
  "Cr": 68.943,
  "HDL": 1.20475,
  "LDL": 2.60979,
  "VLDL": 1.8546999999999998
}