{
  "mean": [
    0.567,
    53.528,
    5.1247430000000005,
    68.943,
    8.28116,
    4.86282,
    2.34961,
    1.20475,
    2.60979,
    1.8546999999999998,
    29.578020000000002
  ],
  "scale": [
    0.4975047738464427,
    8.794840305542792,
    2.9336974917245646,
    59.954747526780565,
    2.532735804303323,
    1.301086487363542,
    1.4004752578678425,
    0.6600832807305453,
    1.1145440574064356,
    3.6617670474785804,
    4.959906297461677
  ],
  "feature_names": [
    "Gender",
    "AGE",
    "Urea",
    "Cr",
    "HbA1c",
    "Chol",
    "TG",
    "HDL",
    "LDL",
    "VLDL",
    "BMI"
  ]
}